user_id,preds,pred_1,pred_2,pred_3,pred_4,pred_5
U57255,"['N46917', 'N64037', 'N60750', 'N50055', 'N22975']",N46917,N64037,N60750,N50055,N22975
U66830,"['N62318', 'N1539', 'N40109', 'N50872', 'N38779']",N62318,N1539,N40109,N50872,N38779
U25497,"['N56211', 'N14478', 'N41934', 'N61233', 'N52867']",N56211,N14478,N41934,N61233,N52867
U27158,"['N64174', 'N8015', 'N9623', 'N23877', 'N48017']",N64174,N8015,N9623,N23877,N48017
U89637,"['N23446', 'N50872', 'N23877', 'N6477', 'N38779']",N23446,N50872,N23877,N6477,N38779
U9318,"['N50872', 'N23877', 'N36226', 'N40109', 'N46821']",N50872,N23877,N36226,N40109,N46821
U24208,"['N38779', 'N6578', 'N6477', 'N23446', 'N29212']",N38779,N6578,N6477,N23446,N29212
U60170,"['N1539', 'N23446', 'N25165', 'N45523', 'N63060']",N1539,N23446,N25165,N45523,N63060
U16871,"['N47652', 'N41934', 'N42515', 'N14478', 'N19661']",N47652,N41934,N42515,N14478,N19661
U52266,"['N1539', 'N52867', 'N62318', 'N34185', 'N19661']",N1539,N52867,N62318,N34185,N19661
U40758,"['N23446', 'N62318', 'N34185', 'N1539', 'N50872']",N23446,N62318,N34185,N1539,N50872
U60555,"['N23446', 'N45523', 'N23877', 'N38779', 'N50872']",N23446,N45523,N23877,N38779,N50872
U81018,"['N23446', 'N45523', 'N1539', 'N40109', 'N35815']",N23446,N45523,N1539,N40109,N35815
U49404,"['N23446', 'N1539', 'N45523', 'N40109', 'N38779']",N23446,N1539,N45523,N40109,N38779
U57993,"['N47652', 'N57733', 'N38779', 'N23446', 'N53515']",N47652,N57733,N38779,N23446,N53515
U27572,"['N50872', 'N1228', 'N57032', 'N59267', 'N19661']",N50872,N1228,N57032,N59267,N19661
U58321,"['N41934', 'N14478', 'N33828', 'N19661', 'N61233']",N41934,N14478,N33828,N19661,N61233
U28679,"['N56211', 'N52867', 'N41934', 'N27737', 'N61233']",N56211,N52867,N41934,N27737,N61233
U56102,"['N19661', 'N45523', 'N38779', 'N57032', 'N34185']",N19661,N45523,N38779,N57032,N34185
U27517,"['N51570', 'N23877', 'N50872', 'N38779', 'N47098']",N51570,N23877,N50872,N38779,N47098
U84528,"['N19661', 'N47652', 'N38779', 'N34185', 'N50872']",N19661,N47652,N38779,N34185,N50872
U68330,"['N56211', 'N52867', 'N61740', 'N61233', 'N48487']",N56211,N52867,N61740,N61233,N48487
U10504,"['N52867', 'N62318', 'N1539', 'N50872', 'N38779']",N52867,N62318,N1539,N50872,N38779
U88721,"['N53031', 'N41934', 'N42515', 'N14478', 'N19661']",N53031,N41934,N42515,N14478,N19661
U89104,"['N50872', 'N23446', 'N45523', 'N1539', 'N23877']",N50872,N23446,N45523,N1539,N23877
U64763,"['N48017', 'N64174', 'N3167', 'N16148', 'N50872']",N48017,N64174,N3167,N16148,N50872
U40275,"['N50872', 'N23446', 'N48017', 'N23877', 'N49712']",N50872,N23446,N48017,N23877,N49712
U4597,"['N29212', 'N35815', 'N25165', 'N50872', 'N6477']",N29212,N35815,N25165,N50872,N6477
U57311,"['N47652', 'N33828', 'N42515', 'N41934', 'N61233']",N47652,N33828,N42515,N41934,N61233
U32394,"['N23446', 'N50872', 'N23877', 'N38779', 'N47098']",N23446,N50872,N23877,N38779,N47098
U89508,"['N64174', 'N23877', 'N9623', 'N48017', 'N50872']",N64174,N23877,N9623,N48017,N50872
U58683,"['N52867', 'N1539', 'N38779', 'N62318', 'N19661']",N52867,N1539,N38779,N62318,N19661
U48583,"['N25165', 'N1539', 'N45523', 'N38779', 'N16118']",N25165,N1539,N45523,N38779,N16118
U92858,"['N23446', 'N50872', 'N38779', 'N48017', 'N23877']",N23446,N50872,N38779,N48017,N23877
U75191,"['N23446', 'N50872', 'N23877', 'N48017', 'N55325']",N23446,N50872,N23877,N48017,N55325
U26384,"['N23446', 'N48017', 'N50872', 'N38779', 'N49712']",N23446,N48017,N50872,N38779,N49712
U20206,"['N19661', 'N40109', 'N1228', 'N57032', 'N27737']",N19661,N40109,N1228,N57032,N27737
U20288,"['N51570', 'N23877', 'N23446', 'N50872', 'N40109']",N51570,N23877,N23446,N50872,N40109
U13085,"['N45523', 'N5154', 'N23446', 'N29212', 'N16118']",N45523,N5154,N23446,N29212,N16118
U18570,"['N45523', 'N27737', 'N56211', 'N1031', 'N41934']",N45523,N27737,N56211,N1031,N41934
U93218,"['N38779', 'N1539', 'N35815', 'N62318', 'N50872']",N38779,N1539,N35815,N62318,N50872
U79386,"['N7494', 'N47652', 'N41934', 'N45523', 'N19661']",N7494,N47652,N41934,N45523,N19661
U81060,"['N6477', 'N38779', 'N23877', 'N23446', 'N40109']",N6477,N38779,N23877,N23446,N40109
U85397,"['N41934', 'N27737', 'N14478', 'N56211', 'N52867']",N41934,N27737,N14478,N56211,N52867
U9013,"['N48017', 'N40109', 'N64174', 'N36226', 'N46821']",N48017,N40109,N64174,N36226,N46821
U14690,"['N42515', 'N50484', 'N33828', 'N47652', 'N29735']",N42515,N50484,N33828,N47652,N29735
U57243,"['N29212', 'N23446', 'N6477', 'N40109', 'N38779']",N29212,N23446,N6477,N40109,N38779
U59304,"['N45523', 'N1539', 'N25165', 'N23446', 'N16118']",N45523,N1539,N25165,N23446,N16118
U22142,"['N61740', 'N41934', 'N27737', 'N56211', 'N61233']",N61740,N41934,N27737,N56211,N61233
U5685,"['N23877', 'N23446', 'N38779', 'N6578', 'N45523']",N23877,N23446,N38779,N6578,N45523
U29100,"['N64174', 'N38779', 'N48017', 'N23877', 'N23446']",N64174,N38779,N48017,N23877,N23446
U26728,"['N50872', 'N29212', 'N40109', 'N23446', 'N6477']",N50872,N29212,N40109,N23446,N6477
U75810,"['N61740', 'N56211', 'N41934', 'N48487', 'N61233']",N61740,N56211,N41934,N48487,N61233
U15881,"['N23446', 'N38779', 'N6477', 'N29212', 'N40109']",N23446,N38779,N6477,N29212,N40109
U5264,"['N45523', 'N23446', 'N23877', 'N44698', 'N50872']",N45523,N23446,N23877,N44698,N50872
U39205,"['N42515', 'N33828', 'N41934', 'N19661', 'N1228']",N42515,N33828,N41934,N19661,N1228
U19895,"['N41934', 'N61233', 'N61740', 'N56211', 'N48487']",N41934,N61233,N61740,N56211,N48487
U73887,"['N50872', 'N29212', 'N23446', 'N6477', 'N38779']",N50872,N29212,N23446,N6477,N38779
U39449,"['N60550', 'N8595', 'N42803', 'N33576', 'N61296']",N60550,N8595,N42803,N33576,N61296
U49829,"['N64174', 'N9623', 'N23877', 'N8015', 'N50872']",N64174,N9623,N23877,N8015,N50872
U48508,"['N48017', 'N23877', 'N38779', 'N51570', 'N47098']",N48017,N23877,N38779,N51570,N47098
U57670,"['N19661', 'N56211', 'N38779', 'N1228', 'N61233']",N19661,N56211,N38779,N1228,N61233
U26733,"['N52867', 'N56211', 'N41934', 'N14478', 'N61233']",N52867,N56211,N41934,N14478,N61233
U48872,"['N23877', 'N38779', 'N23446', 'N44698', 'N50872']",N23877,N38779,N23446,N44698,N50872
U79237,"['N19661', 'N38779', 'N1539', 'N23446', 'N62318']",N19661,N38779,N1539,N23446,N62318
U64600,"['N23877', 'N23446', 'N1539', 'N47098', 'N50872']",N23877,N23446,N1539,N47098,N50872
U28753,"['N56211', 'N52867', 'N45523', 'N1031', 'N41934']",N56211,N52867,N45523,N1031,N41934
U9517,"['N34185', 'N35815', 'N40109', 'N38779', 'N50872']",N34185,N35815,N40109,N38779,N50872
U85681,"['N38779', 'N1539', 'N62318', 'N35815', 'N5695']",N38779,N1539,N62318,N35815,N5695
U68558,"['N19536', 'N19661', 'N38779', 'N50872', 'N34185']",N19536,N19661,N38779,N50872,N34185
U21979,"['N23877', 'N38779', 'N51570', 'N50872', 'N23446']",N23877,N38779,N51570,N50872,N23446
U86736,"['N42515', 'N47652', 'N19661', 'N33828', 'N41934']",N42515,N47652,N19661,N33828,N41934
U67137,"['N23446', 'N38779', 'N45523', 'N6578', 'N50872']",N23446,N38779,N45523,N6578,N50872
U3454,"['N23446', 'N38779', 'N6578', 'N29212', 'N6477']",N23446,N38779,N6578,N29212,N6477
U1151,"['N38779', 'N45523', 'N6578', 'N50872', 'N35815']",N38779,N45523,N6578,N50872,N35815
U40772,"['N23446', 'N29212', 'N6477', 'N16118', 'N38779']",N23446,N29212,N6477,N16118,N38779
U77100,"['N23446', 'N45523', 'N61429', 'N29212', 'N40109']",N23446,N45523,N61429,N29212,N40109
U2470,"['N25165', 'N23446', 'N38779', 'N7494', 'N40109']",N25165,N23446,N38779,N7494,N40109
U4416,"['N29212', 'N23446', 'N40109', 'N38779', 'N6477']",N29212,N23446,N40109,N38779,N6477
U5365,"['N23877', 'N23446', 'N38779', 'N40109', 'N50872']",N23877,N23446,N38779,N40109,N50872
U29867,"['N27737', 'N1228', 'N19661', 'N57032', 'N40109']",N27737,N1228,N19661,N57032,N40109
U65420,"['N45523', 'N23446', 'N50872', 'N35815', 'N1539']",N45523,N23446,N50872,N35815,N1539
U63096,"['N53031', 'N47652', 'N19661', 'N42515', 'N33828']",N53031,N47652,N19661,N42515,N33828
U84935,"['N45523', 'N23446', 'N50872', 'N25165', 'N45734']",N45523,N23446,N50872,N25165,N45734
U89158,"['N19661', 'N23814', 'N38779', 'N50872', 'N62318']",N19661,N23814,N38779,N50872,N62318
U77018,"['N23446', 'N23877', 'N48017', 'N38779', 'N40109']",N23446,N23877,N48017,N38779,N40109
U88833,"['N64174', 'N48017', 'N9623', 'N8015', 'N23877']",N64174,N48017,N9623,N8015,N23877
U38147,"['N23877', 'N38779', 'N6477', 'N40109', 'N23446']",N23877,N38779,N6477,N40109,N23446
U38917,"['N44698', 'N23877', 'N23446', 'N29212', 'N50872']",N44698,N23877,N23446,N29212,N50872
U47325,"['N48017', 'N23877', 'N38779', 'N23446', 'N51570']",N48017,N23877,N38779,N23446,N51570
U62321,"['N1539', 'N29212', 'N23877', 'N45523', 'N38779']",N1539,N29212,N23877,N45523,N38779
U3869,"['N25639', 'N60750', 'N45523', 'N22975', 'N61233']",N25639,N60750,N45523,N22975,N61233
U47405,"['N23446', 'N50872', 'N23877', 'N51570', 'N47098']",N23446,N50872,N23877,N51570,N47098
U13488,"['N47652', 'N41934', 'N61233', 'N19661', 'N42515']",N47652,N41934,N61233,N19661,N42515
U83552,"['N20270', 'N19661', 'N62318', 'N50872', 'N38779']",N20270,N19661,N62318,N50872,N38779
U35861,"['N6477', 'N23877', 'N55488', 'N44698', 'N50872']",N6477,N23877,N55488,N44698,N50872
U59110,"['N23446', 'N45523', 'N38779', 'N50872', 'N45734']",N23446,N45523,N38779,N50872,N45734
U18205,"['N64174', 'N8015', 'N48017', 'N23877', 'N50872']",N64174,N8015,N48017,N23877,N50872
U23043,"['N64174', 'N48017', 'N23877', 'N9623', 'N8015']",N64174,N48017,N23877,N9623,N8015
U45974,"['N23446', 'N50872', 'N36226', 'N55325', 'N48017']",N23446,N50872,N36226,N55325,N48017
U18375,"['N48017', 'N64174', 'N23877', 'N9623', 'N40109']",N48017,N64174,N23877,N9623,N40109
U70338,"['N29212', 'N6477', 'N23446', 'N45523', 'N1539']",N29212,N6477,N23446,N45523,N1539
U24990,"['N26537', 'N1228', 'N59267', 'N57032', 'N23089']",N26537,N1228,N59267,N57032,N23089
U49767,"['N23446', 'N50872', 'N51570', 'N40109', 'N38779']",N23446,N50872,N51570,N40109,N38779
U22614,"['N41934', 'N27737', 'N48487', 'N21484', 'N56211']",N41934,N27737,N48487,N21484,N56211
U60242,"['N23877', 'N38779', 'N23446', 'N40109', 'N47098']",N23877,N38779,N23446,N40109,N47098
U10660,"['N47652', 'N1228', 'N38779', 'N8711', 'N62318']",N47652,N1228,N38779,N8711,N62318
U15133,"['N38779', 'N23877', 'N50872', 'N51570', 'N23446']",N38779,N23877,N50872,N51570,N23446
U92683,"['N23446', 'N6477', 'N23877', 'N47098', 'N38779']",N23446,N6477,N23877,N47098,N38779
U90976,"['N23877', 'N38779', 'N23446', 'N50872', 'N40109']",N23877,N38779,N23446,N50872,N40109
U43635,"['N56211', 'N41934', 'N52867', 'N61740', 'N61233']",N56211,N41934,N52867,N61740,N61233
U46452,"['N23446', 'N45523', 'N29212', 'N6578', 'N40109']",N23446,N45523,N29212,N6578,N40109
U74389,"['N11784', 'N14273', 'N22975', 'N55322', 'N59009']",N11784,N14273,N22975,N55322,N59009
U69594,"['N45523', 'N41934', 'N29735', 'N56211', 'N1031']",N45523,N41934,N29735,N56211,N1031
U27476,"['N51570', 'N23877', 'N38779', 'N23446', 'N50872']",N51570,N23877,N38779,N23446,N50872
U90454,"['N23446', 'N1539', 'N35815', 'N38779', 'N50872']",N23446,N1539,N35815,N38779,N50872
U61999,"['N56211', 'N52867', 'N27737', 'N41934', 'N61233']",N56211,N52867,N27737,N41934,N61233
U27045,"['N38779', 'N57032', 'N19661', 'N27737', 'N57484']",N38779,N57032,N19661,N27737,N57484
U44022,"['N23446', 'N29212', 'N6477', 'N47098', 'N40109']",N23446,N29212,N6477,N47098,N40109
U18947,"['N45523', 'N1539', 'N62318', 'N34185', 'N50872']",N45523,N1539,N62318,N34185,N50872
U51779,"['N38779', 'N1539', 'N6578', 'N23446', 'N35815']",N38779,N1539,N6578,N23446,N35815
U83042,"['N29212', 'N23446', 'N23877', 'N47098', 'N6477']",N29212,N23446,N23877,N47098,N6477
U19701,"['N23446', 'N51570', 'N23877', 'N50872', 'N38779']",N23446,N51570,N23877,N50872,N38779
U73822,"['N56211', 'N9505', 'N47572', 'N5652', 'N55943']",N56211,N9505,N47572,N5652,N55943
U38946,"['N51570', 'N23877', 'N50872', 'N23446', 'N38779']",N51570,N23877,N50872,N23446,N38779
U16582,"['N23446', 'N50872', 'N6477', 'N38779', 'N40109']",N23446,N50872,N6477,N38779,N40109
U47931,"['N23446', 'N23877', 'N6477', 'N38779', 'N40109']",N23446,N23877,N6477,N38779,N40109
U71562,"['N23877', 'N51570', 'N23446', 'N38779', 'N47098']",N23877,N51570,N23446,N38779,N47098
U92107,"['N48017', 'N38779', 'N23877', 'N23446', 'N50872']",N48017,N38779,N23877,N23446,N50872
U63529,"['N23446', 'N62318', 'N38779', 'N6578', 'N1539']",N23446,N62318,N38779,N6578,N1539
U26445,"['N19661', 'N33828', 'N47652', 'N56211', 'N1228']",N19661,N33828,N47652,N56211,N1228
U30644,"['N23877', 'N47098', 'N50872', 'N38779', 'N6477']",N23877,N47098,N50872,N38779,N6477
U45241,"['N45523', 'N23446', 'N38779', 'N25165', 'N5154']",N45523,N23446,N38779,N25165,N5154
U62140,"['N41934', 'N47652', 'N33828', 'N42515', 'N61233']",N41934,N47652,N33828,N42515,N61233
U22835,"['N23446', 'N1539', 'N62318', 'N38779', 'N45523']",N23446,N1539,N62318,N38779,N45523
U65125,"['N23446', 'N40109', 'N23877', 'N47098', 'N50872']",N23446,N40109,N23877,N47098,N50872
U52149,"['N23446', 'N47098', 'N50872', 'N23877', 'N40109']",N23446,N47098,N50872,N23877,N40109
U20245,"['N38779', 'N19661', 'N1539', 'N35815', 'N62318']",N38779,N19661,N1539,N35815,N62318
U6467,"['N57032', 'N19661', 'N1228', 'N27737', 'N38779']",N57032,N19661,N1228,N27737,N38779
U29418,"['N29369', 'N6388', 'N59142', 'N14809', 'N4034']",N29369,N6388,N59142,N14809,N4034
U2903,"['N61740', 'N52867', 'N56211', 'N41934', 'N27737']",N61740,N52867,N56211,N41934,N27737
U70871,"['N41934', 'N27737', 'N56211', 'N52867', 'N14478']",N41934,N27737,N56211,N52867,N14478
U63167,"['N56211', 'N52867', 'N48487', 'N61740', 'N41934']",N56211,N52867,N48487,N61740,N41934
U25666,"['N47652', 'N41934', 'N52867', 'N45523', 'N56211']",N47652,N41934,N52867,N45523,N56211
U62249,"['N23877', 'N23446', 'N38779', 'N6477', 'N47098']",N23877,N23446,N38779,N6477,N47098
U37369,"['N23877', 'N23446', 'N38779', 'N50872', 'N47098']",N23877,N23446,N38779,N50872,N47098
U47632,"['N57032', 'N19661', 'N1952', 'N1228', 'N50872']",N57032,N19661,N1952,N1228,N50872
U6871,"['N47652', 'N33828', 'N14478', 'N41934', 'N53031']",N47652,N33828,N14478,N41934,N53031
U54018,"['N64174', 'N23877', 'N48017', 'N8015', 'N9623']",N64174,N23877,N48017,N8015,N9623
U32245,"['N45523', 'N1031', 'N27737', 'N52867', 'N61740']",N45523,N1031,N27737,N52867,N61740
U71229,"['N47652', 'N33828', 'N56211', 'N38779', 'N27737']",N47652,N33828,N56211,N38779,N27737
U6439,"['N48017', 'N38779', 'N50592', 'N49712', 'N23877']",N48017,N38779,N50592,N49712,N23877
U30529,"['N23446', 'N45523', 'N1539', 'N50872', 'N29212']",N23446,N45523,N1539,N50872,N29212
U33874,"['N23877', 'N50872', 'N51570', 'N23446', 'N38779']",N23877,N50872,N51570,N23446,N38779
U34332,"['N3243', 'N23446', 'N19661', 'N62318', 'N38779']",N3243,N23446,N19661,N62318,N38779
U51964,"['N23446', 'N45523', 'N50872', 'N1539', 'N29212']",N23446,N45523,N50872,N1539,N29212
U9044,"['N23446', 'N50872', 'N23877', 'N51570', 'N38779']",N23446,N50872,N23877,N51570,N38779
U54483,"['N23446', 'N50872', 'N45523', 'N62318', 'N18529']",N23446,N50872,N45523,N62318,N18529
U15967,"['N42515', 'N19661', 'N41934', 'N53031', 'N14478']",N42515,N19661,N41934,N53031,N14478
U23947,"['N23446', 'N51570', 'N23877', 'N50872', 'N47098']",N23446,N51570,N23877,N50872,N47098
U42357,"['N23446', 'N50872', 'N23877', 'N38779', 'N48017']",N23446,N50872,N23877,N38779,N48017
U88456,"['N23446', 'N23877', 'N50872', 'N6477', 'N38779']",N23446,N23877,N50872,N6477,N38779
U49879,"['N23446', 'N23877', 'N50872', 'N38779', 'N6477']",N23446,N23877,N50872,N38779,N6477
U91810,"['N23446', 'N50592', 'N50872', 'N48017', 'N40109']",N23446,N50592,N50872,N48017,N40109
U73382,"['N45523', 'N23446', 'N25165', 'N38779', 'N6578']",N45523,N23446,N25165,N38779,N6578
U24603,"['N23446', 'N48017', 'N51570', 'N23877', 'N50872']",N23446,N48017,N51570,N23877,N50872
U34442,"['N41934', 'N61740', 'N56211', 'N48487', 'N27737']",N41934,N61740,N56211,N48487,N27737
U67401,"['N23446', 'N64174', 'N48017', 'N45509', 'N50592']",N23446,N64174,N48017,N45509,N50592
U26455,"['N48238', 'N59495', 'N6390', 'N50872', 'N28987']",N48238,N59495,N6390,N50872,N28987
U69897,"['N23446', 'N50872', 'N29212', 'N6477', 'N38779']",N23446,N50872,N29212,N6477,N38779
U22876,"['N62318', 'N1539', 'N19661', 'N34185', 'N50872']",N62318,N1539,N19661,N34185,N50872
U79648,"['N45523', 'N23446', 'N6578', 'N29212', 'N50872']",N45523,N23446,N6578,N29212,N50872
U91990,"['N23446', 'N62318', 'N19661', 'N34185', 'N50872']",N23446,N62318,N19661,N34185,N50872
U21388,"['N57403', 'N3380', 'N55322', 'N61811', 'N22975']",N57403,N3380,N55322,N61811,N22975
U50713,"['N23446', 'N50872', 'N29212', 'N40109', 'N6477']",N23446,N50872,N29212,N40109,N6477
U35017,"['N45523', 'N23446', 'N38779', 'N1539', 'N35815']",N45523,N23446,N38779,N1539,N35815
U35239,"['N23446', 'N38779', 'N50872', 'N6477', 'N47098']",N23446,N38779,N50872,N6477,N47098
U10761,"['N23446', 'N38779', 'N47098', 'N6477', 'N29212']",N23446,N38779,N47098,N6477,N29212
U31283,"['N6477', 'N23446', 'N38779', 'N6578', 'N29212']",N6477,N23446,N38779,N6578,N29212
U89557,"['N45523', 'N1031', 'N56211', 'N52867', 'N27737']",N45523,N1031,N56211,N52867,N27737
U36918,"['N61740', 'N27737', 'N41934', 'N56211', 'N52867']",N61740,N27737,N41934,N56211,N52867
U41661,"['N23446', 'N51570', 'N23877', 'N50872', 'N40109']",N23446,N51570,N23877,N50872,N40109
U74432,"['N6578', 'N1539', 'N29212', 'N45523', 'N23446']",N6578,N1539,N29212,N45523,N23446
U12893,"['N48017', 'N23877', 'N38779', 'N51570', 'N23446']",N48017,N23877,N38779,N51570,N23446
U16848,"['N51570', 'N48017', 'N23446', 'N50872', 'N38779']",N51570,N48017,N23446,N50872,N38779
U13594,"['N16439', 'N33576', 'N60550', 'N58814', 'N58660']",N16439,N33576,N60550,N58814,N58660
U69274,"['N51570', 'N48017', 'N46821', 'N23877', 'N23446']",N51570,N48017,N46821,N23877,N23446
U68682,"['N23877', 'N40109', 'N48017', 'N50872', 'N49712']",N23877,N40109,N48017,N50872,N49712
U88249,"['N29212', 'N23446', 'N45523', 'N40109', 'N16118']",N29212,N23446,N45523,N40109,N16118
U72446,"['N23110', 'N48106', 'N28861', 'N28072', 'N43277']",N23110,N48106,N28861,N28072,N43277
U45713,"['N45523', 'N23446', 'N29212', 'N6578', 'N1539']",N45523,N23446,N29212,N6578,N1539
U33258,"['N38779', 'N50872', 'N35815', 'N62318', 'N34185']",N38779,N50872,N35815,N62318,N34185
U73765,"['N3167', 'N64174', 'N50872', 'N56214', 'N16148']",N3167,N64174,N50872,N56214,N16148
U75443,"['N38779', 'N6578', 'N23446', 'N29212', 'N6477']",N38779,N6578,N23446,N29212,N6477
U33218,"['N57032', 'N19661', 'N1228', 'N59267', 'N50872']",N57032,N19661,N1228,N59267,N50872
U68752,"['N29212', 'N6477', 'N47098', 'N40109', 'N23446']",N29212,N6477,N47098,N40109,N23446
U16075,"['N19661', 'N23446', 'N1539', 'N23129', 'N50872']",N19661,N23446,N1539,N23129,N50872
U32069,"['N23089', 'N34185', 'N57032', 'N1228', 'N19661']",N23089,N34185,N57032,N1228,N19661
U33476,"['N23446', 'N48017', 'N51570', 'N23877', 'N46821']",N23446,N48017,N51570,N23877,N46821
U85218,"['N1539', 'N23446', 'N6578', 'N45523', 'N29212']",N1539,N23446,N6578,N45523,N29212
U14830,"['N23446', 'N50872', 'N29212', 'N38779', 'N47098']",N23446,N50872,N29212,N38779,N47098
U41043,"['N38779', 'N23446', 'N23877', 'N40109', 'N50872']",N38779,N23446,N23877,N40109,N50872
U84475,"['N23446', 'N23877', 'N51570', 'N38779', 'N47098']",N23446,N23877,N51570,N38779,N47098
U39255,"['N48017', 'N23446', 'N50872', 'N38779', 'N23877']",N48017,N23446,N50872,N38779,N23877
U66513,"['N19661', 'N38779', 'N40109', 'N1539', 'N62318']",N19661,N38779,N40109,N1539,N62318
U19938,"['N45523', 'N6477', 'N23446', 'N29212', 'N38779']",N45523,N6477,N23446,N29212,N38779
U87140,"['N19661', 'N38779', 'N56211', 'N47652', 'N27737']",N19661,N38779,N56211,N47652,N27737
U83397,"['N23446', 'N47098', 'N38779', 'N23877', 'N40109']",N23446,N47098,N38779,N23877,N40109
U41482,"['N25639', 'N27737', 'N56211', 'N46917', 'N61233']",N25639,N27737,N56211,N46917,N61233
U20386,"['N35815', 'N52867', 'N38779', 'N19661', 'N34185']",N35815,N52867,N38779,N19661,N34185
U79711,"['N50872', 'N23446', 'N45523', 'N6578', 'N29212']",N50872,N23446,N45523,N6578,N29212
U16901,"['N56211', 'N47652', 'N41934', 'N27737', 'N33828']",N56211,N47652,N41934,N27737,N33828
U14521,"['N8015', 'N64174', 'N40109', 'N50872', 'N23877']",N8015,N64174,N40109,N50872,N23877
U14837,"['N27737', 'N56211', 'N48487', 'N16118', 'N1031']",N27737,N56211,N48487,N16118,N1031
U60416,"['N42515', 'N47652', 'N1228', 'N19661', 'N61233']",N42515,N47652,N1228,N19661,N61233
U38890,"['N50872', 'N29212', 'N23877', 'N1539', 'N44698']",N50872,N29212,N23877,N1539,N44698
U35573,"['N55322', 'N7494', 'N37338', 'N9639', 'N45523']",N55322,N7494,N37338,N9639,N45523
U72698,"['N23446', 'N50872', 'N23877', 'N51570', 'N40109']",N23446,N50872,N23877,N51570,N40109
U44281,"['N27737', 'N56211', 'N41934', 'N45523', 'N22975']",N27737,N56211,N41934,N45523,N22975
U29057,"['N23446', 'N50872', 'N23877', 'N47098', 'N51570']",N23446,N50872,N23877,N47098,N51570
U75403,"['N45523', 'N23446', 'N50872', 'N38779', 'N23877']",N45523,N23446,N50872,N38779,N23877
U30403,"['N45523', 'N50872', 'N23446', 'N6578', 'N38779']",N45523,N50872,N23446,N6578,N38779
U53405,"['N45523', 'N41934', 'N56211', 'N52867', 'N1031']",N45523,N41934,N56211,N52867,N1031
U46666,"['N23877', 'N23446', 'N50872', 'N38779', 'N40109']",N23877,N23446,N50872,N38779,N40109
U55401,"['N42515', 'N59142', 'N20394', 'N41658', 'N62750']",N42515,N59142,N20394,N41658,N62750
U19082,"['N23446', 'N50872', 'N45523', 'N19661', 'N40109']",N23446,N50872,N45523,N19661,N40109
U80233,"['N47098', 'N23877', 'N38779', 'N23446', 'N50872']",N47098,N23877,N38779,N23446,N50872
U57970,"['N23446', 'N38779', 'N6477', 'N23877', 'N50872']",N23446,N38779,N6477,N23877,N50872
U75991,"['N41934', 'N47652', 'N2960', 'N61233', 'N12703']",N41934,N47652,N2960,N61233,N12703
U79420,"['N29212', 'N38779', 'N40109', 'N47098', 'N23446']",N29212,N38779,N40109,N47098,N23446
U10257,"['N48017', 'N64174', 'N23877', 'N9623', 'N8015']",N48017,N64174,N23877,N9623,N8015
U66957,"['N23877', 'N38779', 'N48017', 'N23446', 'N50872']",N23877,N38779,N48017,N23446,N50872
U81043,"['N19661', 'N45523', 'N38779', 'N1539', 'N50872']",N19661,N45523,N38779,N1539,N50872
U55010,"['N45523', 'N23446', 'N29212', 'N38779', 'N16118']",N45523,N23446,N29212,N38779,N16118
U42978,"['N64174', 'N8015', 'N23877', 'N50872', 'N48017']",N64174,N8015,N23877,N50872,N48017
U73762,"['N1539', 'N23877', 'N38779', 'N23446', 'N29212']",N1539,N23877,N38779,N23446,N29212
U29199,"['N23877', 'N38779', 'N6578', 'N23446', 'N29212']",N23877,N38779,N6578,N23446,N29212
U39988,"['N64174', 'N47231', 'N61787', 'N16148', 'N42457']",N64174,N47231,N61787,N16148,N42457
U53495,"['N23877', 'N23446', 'N38779', 'N6477', 'N47098']",N23877,N23446,N38779,N6477,N47098
U20372,"['N1228', 'N19661', 'N59267', 'N27737', 'N61233']",N1228,N19661,N59267,N27737,N61233
U51793,"['N23446', 'N50872', 'N29212', 'N6477', 'N40109']",N23446,N50872,N29212,N6477,N40109
U53363,"['N19661', 'N42515', 'N47652', 'N41934', 'N33828']",N19661,N42515,N47652,N41934,N33828
U62932,"['N23446', 'N6477', 'N23877', 'N47098', 'N40109']",N23446,N6477,N23877,N47098,N40109
U47112,"['N23446', 'N23877', 'N38779', 'N40109', 'N47098']",N23446,N23877,N38779,N40109,N47098
U27174,"['N19661', 'N1539', 'N50872', 'N38779', 'N23446']",N19661,N1539,N50872,N38779,N23446
U24731,"['N23446', 'N45523', 'N35815', 'N25165', 'N6578']",N23446,N45523,N35815,N25165,N6578
U28986,"['N23877', 'N23446', 'N38779', 'N51570', 'N40109']",N23877,N23446,N38779,N51570,N40109
U32791,"['N34185', 'N23446', 'N19661', 'N62318', 'N1539']",N34185,N23446,N19661,N62318,N1539
U26127,"['N3243', 'N19661', 'N1539', 'N50872', 'N34185']",N3243,N19661,N1539,N50872,N34185
U67071,"['N23446', 'N38779', 'N6477', 'N50872', 'N40109']",N23446,N38779,N6477,N50872,N40109
U54031,"['N56777', 'N1539', 'N45523', 'N38779', 'N63060']",N56777,N1539,N45523,N38779,N63060
U72969,"['N23446', 'N23877', 'N38779', 'N50872', 'N6477']",N23446,N23877,N38779,N50872,N6477
U17234,"['N62318', 'N19661', 'N23446', 'N1539', 'N38779']",N62318,N19661,N23446,N1539,N38779
U41626,"['N42515', 'N19661', 'N47652', 'N61233', 'N33828']",N42515,N19661,N47652,N61233,N33828
U5881,"['N57032', 'N19661', 'N27737', 'N40109', 'N1228']",N57032,N19661,N27737,N40109,N1228
U18172,"['N61787', 'N16439', 'N29363', 'N23446', 'N60550']",N61787,N16439,N29363,N23446,N60550
U93721,"['N56211', 'N41934', 'N16118', 'N45523', 'N27737']",N56211,N41934,N16118,N45523,N27737
U70547,"['N60799', 'N56211', 'N21077', 'N58569', 'N40109']",N60799,N56211,N21077,N58569,N40109
U78929,"['N14478', 'N42515', 'N47652', 'N19661', 'N41934']",N14478,N42515,N47652,N19661,N41934
U49119,"['N33828', 'N47652', 'N42515', 'N19661', 'N41934']",N33828,N47652,N42515,N19661,N41934
U70388,"['N34185', 'N1539', 'N62318', 'N38779', 'N19661']",N34185,N1539,N62318,N38779,N19661
U87295,"['N56211', 'N27737', 'N41934', 'N61740', 'N1031']",N56211,N27737,N41934,N61740,N1031
U45442,"['N56211', 'N41934', 'N27737', 'N48487', 'N52867']",N56211,N41934,N27737,N48487,N52867
U62076,"['N23446', 'N50872', 'N51570', 'N47098', 'N38779']",N23446,N50872,N51570,N47098,N38779
U91846,"['N38779', 'N6578', 'N29212', 'N50872', 'N47098']",N38779,N6578,N29212,N50872,N47098
U59591,"['N1539', 'N38779', 'N23446', 'N45523', 'N29212']",N1539,N38779,N23446,N45523,N29212
U64009,"['N23446', 'N38779', 'N48017', 'N51570', 'N23877']",N23446,N38779,N48017,N51570,N23877
U77167,"['N57032', 'N19661', 'N38779', 'N27737', 'N34185']",N57032,N19661,N38779,N27737,N34185
U52096,"['N47652', 'N38779', 'N19661', 'N1539', 'N45523']",N47652,N38779,N19661,N1539,N45523
U22213,"['N23877', 'N48017', 'N49712', 'N23446', 'N50872']",N23877,N48017,N49712,N23446,N50872
U66625,"['N62318', 'N19661', 'N38779', 'N50872', 'N34185']",N62318,N19661,N38779,N50872,N34185
U59060,"['N19661', 'N18529', 'N62318', 'N23446', 'N38779']",N19661,N18529,N62318,N23446,N38779
U79011,"['N52867', 'N27737', 'N41934', 'N56211', 'N61233']",N52867,N27737,N41934,N56211,N61233
U1854,"['N23446', 'N29212', 'N6477', 'N38779', 'N50872']",N23446,N29212,N6477,N38779,N50872
U36108,"['N29212', 'N23446', 'N38779', 'N50872', 'N23877']",N29212,N23446,N38779,N50872,N23877
U64051,"['N45523', 'N38779', 'N23446', 'N1539', 'N35815']",N45523,N38779,N23446,N1539,N35815
U72661,"['N23446', 'N29212', 'N38779', 'N23877', 'N47098']",N23446,N29212,N38779,N23877,N47098
U59185,"['N23877', 'N38779', 'N23446', 'N29212', 'N47098']",N23877,N38779,N23446,N29212,N47098
U50824,"['N52867', 'N27737', 'N41934', 'N56211', 'N48487']",N52867,N27737,N41934,N56211,N48487
U2124,"['N1539', 'N62318', 'N34185', 'N19661', 'N38779']",N1539,N62318,N34185,N19661,N38779
U21486,"['N29735', 'N52867', 'N47652', 'N61233', 'N50484']",N29735,N52867,N47652,N61233,N50484
U33274,"['N61740', 'N52867', 'N56211', 'N41934', 'N61233']",N61740,N52867,N56211,N41934,N61233
U48436,"['N56211', 'N41934', 'N61740', 'N52867', 'N27737']",N56211,N41934,N61740,N52867,N27737
U59310,"['N19661', 'N35815', 'N1539', 'N38779', 'N62318']",N19661,N35815,N1539,N38779,N62318
U46490,"['N56211', 'N41934', 'N52867', 'N27737', 'N61740']",N56211,N41934,N52867,N27737,N61740
U37706,"['N56211', 'N27737', 'N41934', 'N52867', 'N61233']",N56211,N27737,N41934,N52867,N61233
U38604,"['N56211', 'N41934', 'N52867', 'N61233', 'N48487']",N56211,N41934,N52867,N61233,N48487
U89936,"['N1228', 'N19661', 'N57032', 'N23089', 'N40109']",N1228,N19661,N57032,N23089,N40109
U88239,"['N38779', 'N19661', 'N23446', 'N1952', 'N18529']",N38779,N19661,N23446,N1952,N18529
U21464,"['N48017', 'N40109', 'N23877', 'N49712', 'N50872']",N48017,N40109,N23877,N49712,N50872
U64367,"['N38779', 'N6578', 'N50872', 'N23446', 'N47098']",N38779,N6578,N50872,N23446,N47098
U52916,"['N56211', 'N41934', 'N52867', 'N48487', 'N27737']",N56211,N41934,N52867,N48487,N27737
U39719,"['N23877', 'N38779', 'N23446', 'N6477', 'N40109']",N23877,N38779,N23446,N6477,N40109
U32681,"['N42515', 'N47652', 'N52867', 'N19661', 'N33828']",N42515,N47652,N52867,N19661,N33828
U85359,"['N38779', 'N23446', 'N29212', 'N1539', 'N45523']",N38779,N23446,N29212,N1539,N45523
U85372,"['N23446', 'N1539', 'N45523', 'N40109', 'N6578']",N23446,N1539,N45523,N40109,N6578
U62884,"['N19661', 'N42515', 'N41934', 'N47652', 'N14478']",N19661,N42515,N41934,N47652,N14478
U92759,"['N64174', 'N48017', 'N40559', 'N3167', 'N23877']",N64174,N48017,N40559,N3167,N23877
U26800,"['N23877', 'N6477', 'N38779', 'N23446', 'N50872']",N23877,N6477,N38779,N23446,N50872
U42569,"['N45523', 'N23446', 'N50872', 'N45734', 'N1539']",N45523,N23446,N50872,N45734,N1539
U9012,"['N20270', 'N19661', 'N38779', 'N34185', 'N50872']",N20270,N19661,N38779,N34185,N50872
U4074,"['N23446', 'N45523', 'N50872', 'N38779', 'N6578']",N23446,N45523,N50872,N38779,N6578
U89702,"['N50055', 'N22975', 'N27737', 'N2960', 'N47652']",N50055,N22975,N27737,N2960,N47652
U80877,"['N27737', 'N45523', 'N56211', 'N16118', 'N61233']",N27737,N45523,N56211,N16118,N61233
U81237,"['N27737', 'N48487', 'N56211', 'N41934', 'N52867']",N27737,N48487,N56211,N41934,N52867
U42851,"['N56211', 'N52867', 'N1031', 'N27737', 'N41934']",N56211,N52867,N1031,N27737,N41934
U70985,"['N6578', 'N38779', 'N53515', 'N45523', 'N6477']",N6578,N38779,N53515,N45523,N6477
U26168,"['N62318', 'N23446', 'N1539', 'N45523', 'N34185']",N62318,N23446,N1539,N45523,N34185
U83722,"['N64174', 'N48017', 'N23877', 'N8015', 'N40109']",N64174,N48017,N23877,N8015,N40109
U106,"['N42515', 'N47652', 'N19661', 'N41934', 'N33828']",N42515,N47652,N19661,N41934,N33828
U1851,"['N23446', 'N50872', 'N40109', 'N23877', 'N38779']",N23446,N50872,N40109,N23877,N38779
U51133,"['N14478', 'N41934', 'N53031', 'N42515', 'N33828']",N14478,N41934,N53031,N42515,N33828
U2300,"['N1952', 'N38779', 'N19661', 'N23446', 'N1539']",N1952,N38779,N19661,N23446,N1539
U10026,"['N23446', 'N51570', 'N40109', 'N38779', 'N50872']",N23446,N51570,N40109,N38779,N50872
U65192,"['N40109', 'N3167', 'N36003', 'N23805', 'N55555']",N40109,N3167,N36003,N23805,N55555
U9728,"['N56211', 'N61740', 'N41934', 'N48487', 'N61233']",N56211,N61740,N41934,N48487,N61233
U70926,"['N23446', 'N29212', 'N50872', 'N6477', 'N47098']",N23446,N29212,N50872,N6477,N47098
U24757,"['N60750', 'N25639', 'N56211', 'N63913', 'N46917']",N60750,N25639,N56211,N63913,N46917
U75598,"['N55322', 'N37994', 'N14478', 'N47572', 'N62750']",N55322,N37994,N14478,N47572,N62750
U57084,"['N23446', 'N51570', 'N23877', 'N50872', 'N47098']",N23446,N51570,N23877,N50872,N47098
U70775,"['N57733', 'N62318', 'N34185', 'N1539', 'N38779']",N57733,N62318,N34185,N1539,N38779
U59171,"['N47652', 'N56211', 'N33828', 'N41934', 'N27737']",N47652,N56211,N33828,N41934,N27737
U29369,"['N57032', 'N1228', 'N59267', 'N23089', 'N38779']",N57032,N1228,N59267,N23089,N38779
U65236,"['N48017', 'N23877', 'N50872', 'N49712', 'N40109']",N48017,N23877,N50872,N49712,N40109
U57828,"['N14478', 'N41934', 'N19661', 'N33828', 'N61233']",N14478,N41934,N19661,N33828,N61233
U37712,"['N35815', 'N45523', 'N50872', 'N23446', 'N38779']",N35815,N45523,N50872,N23446,N38779
U1669,"['N23446', 'N51570', 'N50872', 'N38779', 'N40109']",N23446,N51570,N50872,N38779,N40109
U91020,"['N56211', 'N45523', 'N1031', 'N52867', 'N48487']",N56211,N45523,N1031,N52867,N48487
U85466,"['N56211', 'N41934', 'N52867', 'N61233', 'N48487']",N56211,N41934,N52867,N61233,N48487
U12444,"['N57032', 'N19661', 'N38779', 'N59267', 'N1228']",N57032,N19661,N38779,N59267,N1228
U38916,"['N50872', 'N1228', 'N57032', 'N19661', 'N59267']",N50872,N1228,N57032,N19661,N59267
U39437,"['N23446', 'N29212', 'N23877', 'N45523', 'N50872']",N23446,N29212,N23877,N45523,N50872
U72952,"['N23446', 'N45523', 'N16118', 'N38779', 'N29212']",N23446,N45523,N16118,N38779,N29212
U26596,"['N23446', 'N53515', 'N1539', 'N35815', 'N62318']",N23446,N53515,N1539,N35815,N62318
U45881,"['N23446', 'N38779', 'N50872', 'N29212', 'N6477']",N23446,N38779,N50872,N29212,N6477
U54583,"['N45523', 'N23446', 'N6578', 'N29212', 'N40109']",N45523,N23446,N6578,N29212,N40109
U5518,"['N23446', 'N496', 'N1539', 'N6578', 'N38779']",N23446,N496,N1539,N6578,N38779
U39078,"['N41934', 'N56211', 'N27737', 'N61233', 'N52867']",N41934,N56211,N27737,N61233,N52867
U80937,"['N23446', 'N38779', 'N1539', 'N45523', 'N18529']",N23446,N38779,N1539,N45523,N18529
U24309,"['N25165', 'N38779', 'N45523', 'N50872', 'N40109']",N25165,N38779,N45523,N50872,N40109
U81012,"['N48017', 'N38779', 'N46821', 'N51570', 'N36226']",N48017,N38779,N46821,N51570,N36226
U56741,"['N38779', 'N23877', 'N23446', 'N47098', 'N6477']",N38779,N23877,N23446,N47098,N6477
U61699,"['N59685', 'N16589', 'N8559', 'N3064', 'N51553']",N59685,N16589,N8559,N3064,N51553
U46145,"['N47652', 'N33828', 'N38779', 'N27737', 'N56211']",N47652,N33828,N38779,N27737,N56211
U21568,"['N56211', 'N27737', 'N52867', 'N61233', 'N41934']",N56211,N27737,N52867,N61233,N41934
U2847,"['N19661', 'N38779', 'N62318', 'N34185', 'N50872']",N19661,N38779,N62318,N34185,N50872
U21416,"['N1539', 'N19661', 'N38779', 'N62318', 'N34185']",N1539,N19661,N38779,N62318,N34185
U53241,"['N48017', 'N23877', 'N49712', 'N38779', 'N40109']",N48017,N23877,N49712,N38779,N40109
U41632,"['N41934', 'N42515', 'N33828', 'N1228', 'N19661']",N41934,N42515,N33828,N1228,N19661
U64031,"['N57032', 'N38779', 'N19661', 'N59267', 'N1228']",N57032,N38779,N19661,N59267,N1228
U68551,"['N23446', 'N38779', 'N29212', 'N6477', 'N50872']",N23446,N38779,N29212,N6477,N50872
U78238,"['N23446', 'N6477', 'N50872', 'N29212', 'N38779']",N23446,N6477,N50872,N29212,N38779
U26101,"['N47652', 'N19661', 'N1228', 'N33828', 'N27737']",N47652,N19661,N1228,N33828,N27737
U80584,"['N56211', 'N52867', 'N27737', 'N48487', 'N41934']",N56211,N52867,N27737,N48487,N41934
U51234,"['N41934', 'N45523', 'N61233', 'N46917', 'N47280']",N41934,N45523,N61233,N46917,N47280
U85763,"['N42457', 'N64174', 'N61787', 'N50872', 'N47231']",N42457,N64174,N61787,N50872,N47231
U51863,"['N40905', 'N1228', 'N59267', 'N27737', 'N57032']",N40905,N1228,N59267,N27737,N57032
U27267,"['N56211', 'N41934', 'N27737', 'N61233', 'N52867']",N56211,N41934,N27737,N61233,N52867
U49474,"['N61740', 'N56211', 'N52867', 'N41934', 'N61233']",N61740,N56211,N52867,N41934,N61233
U52721,"['N38779', 'N6578', 'N23446', 'N45523', 'N53515']",N38779,N6578,N23446,N45523,N53515
U93172,"['N19661', 'N41934', 'N33828', 'N14478', 'N61233']",N19661,N41934,N33828,N14478,N61233
U74446,"['N48017', 'N61787', 'N40559', 'N42457', 'N45509']",N48017,N61787,N40559,N42457,N45509
U89067,"['N1539', 'N6578', 'N6477', 'N47098', 'N29212']",N1539,N6578,N6477,N47098,N29212
U46283,"['N56211', 'N1031', 'N41934', 'N16118', 'N27737']",N56211,N1031,N41934,N16118,N27737
U48632,"['N61740', 'N56211', 'N27737', 'N52867', 'N45523']",N61740,N56211,N27737,N52867,N45523
U1287,"['N45523', 'N23446', 'N50872', 'N23877', 'N38779']",N45523,N23446,N50872,N23877,N38779
U53873,"['N56211', 'N47652', 'N42515', 'N41934', 'N33828']",N56211,N47652,N42515,N41934,N33828
U74797,"['N61233', 'N41934', 'N14478', 'N42515', 'N33828']",N61233,N41934,N14478,N42515,N33828
U1648,"['N38779', 'N23446', 'N6578', 'N29212', 'N16118']",N38779,N23446,N6578,N29212,N16118
U17956,"['N45523', 'N23446', 'N38779', 'N50872', 'N35815']",N45523,N23446,N38779,N50872,N35815
U73558,"['N57733', 'N62894', 'N52424', 'N38697', 'N59267']",N57733,N62894,N52424,N38697,N59267
U48489,"['N23877', 'N23446', 'N38779', 'N47098', 'N6477']",N23877,N23446,N38779,N47098,N6477
U44234,"['N35815', 'N1539', 'N23446', 'N45523', 'N53515']",N35815,N1539,N23446,N45523,N53515
U5761,"['N1228', 'N19661', 'N57032', 'N27737', 'N40109']",N1228,N19661,N57032,N27737,N40109
U89667,"['N38779', 'N1539', 'N45523', 'N23446', 'N29212']",N38779,N1539,N45523,N23446,N29212
U77654,"['N35815', 'N38779', 'N19661', 'N23446', 'N34185']",N35815,N38779,N19661,N23446,N34185
U38512,"['N38779', 'N29212', 'N23446', 'N6477', 'N40109']",N38779,N29212,N23446,N6477,N40109
U16956,"['N25165', 'N6578', 'N29212', 'N38779', 'N45523']",N25165,N6578,N29212,N38779,N45523
U92728,"['N23446', 'N50872', 'N47098', 'N44698', 'N23877']",N23446,N50872,N47098,N44698,N23877
U93188,"['N1539', 'N23446', 'N6477', 'N6578', 'N29212']",N1539,N23446,N6477,N6578,N29212
U61041,"['N64174', 'N3167', 'N40559', 'N56214', 'N50872']",N64174,N3167,N40559,N56214,N50872
U4298,"['N41934', 'N47652', 'N2960', 'N46917', 'N61233']",N41934,N47652,N2960,N46917,N61233
U56811,"['N23446', 'N51570', 'N23877', 'N38779', 'N50872']",N23446,N51570,N23877,N38779,N50872
U43066,"['N25165', 'N38779', 'N50872', 'N45523', 'N1539']",N25165,N38779,N50872,N45523,N1539
U54738,"['N46917', 'N47652', 'N29490', 'N41934', 'N2960']",N46917,N47652,N29490,N41934,N2960
U17074,"['N27737', 'N52867', 'N41934', 'N56211', 'N61233']",N27737,N52867,N41934,N56211,N61233
U76452,"['N34668', 'N57032', 'N39028', 'N57818', 'N21077']",N34668,N57032,N39028,N57818,N21077
U82010,"['N27737', 'N56211', 'N52867', 'N45523', 'N47652']",N27737,N56211,N52867,N45523,N47652
U52471,"['N23446', 'N38779', 'N23877', 'N40109', 'N51570']",N23446,N38779,N23877,N40109,N51570
U48616,"['N56211', 'N27737', 'N61740', 'N33828', 'N52867']",N56211,N27737,N61740,N33828,N52867
U183,"['N19050', 'N14354', 'N30290', 'N45523', 'N27737']",N19050,N14354,N30290,N45523,N27737
U60547,"['N27737', 'N19661', 'N59267', 'N34185', 'N23089']",N27737,N19661,N59267,N34185,N23089
U28736,"['N38779', 'N23877', 'N23446', 'N47098', 'N50872']",N38779,N23877,N23446,N47098,N50872
U10431,"['N60757', 'N59267', 'N10960', 'N65027', 'N44698']",N60757,N59267,N10960,N65027,N44698
U70698,"['N56211', 'N52867', 'N61740', 'N47652', 'N41934']",N56211,N52867,N61740,N47652,N41934
U13043,"['N47652', 'N61233', 'N41934', 'N61740', 'N52867']",N47652,N61233,N41934,N61740,N52867
U78471,"['N64174', 'N42457', 'N36261', 'N8015', 'N47231']",N64174,N42457,N36261,N8015,N47231
U24663,"['N23446', 'N23877', 'N51570', 'N38779', 'N50872']",N23446,N23877,N51570,N38779,N50872
U55688,"['N23446', 'N50872', 'N51570', 'N23877', 'N47098']",N23446,N50872,N51570,N23877,N47098
U14054,"['N8015', 'N64174', 'N23877', 'N48017', 'N50872']",N8015,N64174,N23877,N48017,N50872
U88295,"['N41934', 'N27737', 'N52867', 'N56211', 'N61233']",N41934,N27737,N52867,N56211,N61233
U50276,"['N41934', 'N56211', 'N48487', 'N61740', 'N61233']",N41934,N56211,N48487,N61740,N61233
U89775,"['N48487', 'N52867', 'N1031', 'N27737', 'N61233']",N48487,N52867,N1031,N27737,N61233
U4490,"['N42515', 'N19661', 'N47652', 'N41934', 'N61233']",N42515,N19661,N47652,N41934,N61233
U18309,"['N41934', 'N27737', 'N52867', 'N56211', 'N48487']",N41934,N27737,N52867,N56211,N48487
U30793,"['N51570', 'N23446', 'N48017', 'N50872', 'N23877']",N51570,N23446,N48017,N50872,N23877
U54912,"['N27737', 'N45523', 'N48487', 'N56211', 'N41934']",N27737,N45523,N48487,N56211,N41934
U38348,"['N45523', 'N23877', 'N23446', 'N38779', 'N51253']",N45523,N23877,N23446,N38779,N51253
U28744,"['N19661', 'N3243', 'N34185', 'N38779', 'N1539']",N19661,N3243,N34185,N38779,N1539
U74763,"['N11363', 'N20770', 'N3167', 'N31679', 'N496']",N11363,N20770,N3167,N31679,N496
U54902,"['N47280', 'N46917', 'N60750', 'N61233', 'N22975']",N47280,N46917,N60750,N61233,N22975
U35126,"['N44698', 'N25165', 'N45523', 'N38779', 'N6578']",N44698,N25165,N45523,N38779,N6578
U15844,"['N9623', 'N29739', 'N40559', 'N47098', 'N48017']",N9623,N29739,N40559,N47098,N48017
U28026,"['N27737', 'N47652', 'N1228', 'N56211', 'N19661']",N27737,N47652,N1228,N56211,N19661
U11621,"['N23446', 'N51570', 'N50872', 'N47098', 'N38779']",N23446,N51570,N50872,N47098,N38779
U10584,"['N47652', 'N41934', 'N33828', 'N56211', 'N19661']",N47652,N41934,N33828,N56211,N19661
U71591,"['N56211', 'N48487', 'N27737', 'N52867', 'N61740']",N56211,N48487,N27737,N52867,N61740
U68508,"['N42515', 'N1228', 'N47652', 'N33828', 'N19661']",N42515,N1228,N47652,N33828,N19661
U89546,"['N29212', 'N6477', 'N1539', 'N23446', 'N45523']",N29212,N6477,N1539,N23446,N45523
U83077,"['N51570', 'N23446', 'N38779', 'N46821', 'N50592']",N51570,N23446,N38779,N46821,N50592
U74431,"['N64174', 'N23877', 'N48017', 'N8015', 'N40559']",N64174,N23877,N48017,N8015,N40559
U84097,"['N23877', 'N64174', 'N9623', 'N48017', 'N50872']",N23877,N64174,N9623,N48017,N50872
U4164,"['N27737', 'N41934', 'N1031', 'N45523', 'N61233']",N27737,N41934,N1031,N45523,N61233
U36708,"['N6578', 'N38779', 'N50872', 'N29212', 'N47098']",N6578,N38779,N50872,N29212,N47098
U13881,"['N45523', 'N23446', 'N29212', 'N50872', 'N496']",N45523,N23446,N29212,N50872,N496
U71341,"['N41934', 'N61233', 'N45523', 'N27737', 'N48487']",N41934,N61233,N45523,N27737,N48487
U78449,"['N48487', 'N56211', 'N1031', 'N41934', 'N61233']",N48487,N56211,N1031,N41934,N61233
U79399,"['N48017', 'N23446', 'N23877', 'N38779', 'N50872']",N48017,N23446,N23877,N38779,N50872
U10234,"['N23877', 'N38779', 'N40109', 'N6477', 'N23446']",N23877,N38779,N40109,N6477,N23446
U92436,"['N27737', 'N41934', 'N52867', 'N56211', 'N61233']",N27737,N41934,N52867,N56211,N61233
U81409,"['N41934', 'N56211', 'N46917', 'N27737', 'N25639']",N41934,N56211,N46917,N27737,N25639
U51595,"['N6477', 'N47098', 'N23446', 'N38779', 'N6578']",N6477,N47098,N23446,N38779,N6578
U34983,"['N48487', 'N52867', 'N56211', 'N61233', 'N27737']",N48487,N52867,N56211,N61233,N27737
U30969,"['N6477', 'N23877', 'N45523', 'N23446', 'N16118']",N6477,N23877,N45523,N23446,N16118
U41100,"['N23877', 'N1539', 'N23446', 'N38779', 'N50872']",N23877,N1539,N23446,N38779,N50872
U30762,"['N14478', 'N63913', 'N56211', 'N2235', 'N50055']",N14478,N63913,N56211,N2235,N50055
U10056,"['N56211', 'N27737', 'N16118', 'N41934', 'N52867']",N56211,N27737,N16118,N41934,N52867
U26333,"['N50484', 'N38779', 'N35815', 'N45523', 'N5695']",N50484,N38779,N35815,N45523,N5695
U73796,"['N23877', 'N51570', 'N23446', 'N47098', 'N40109']",N23877,N51570,N23446,N47098,N40109
U88813,"['N40130', 'N16439', 'N4156', 'N58660', 'N37673']",N40130,N16439,N4156,N58660,N37673
U45328,"['N2235', 'N50055', 'N47652', 'N46917', 'N47280']",N2235,N50055,N47652,N46917,N47280
U16400,"['N47652', 'N19661', 'N42515', 'N41934', 'N33828']",N47652,N19661,N42515,N41934,N33828
U69782,"['N61233', 'N27737', 'N56211', 'N33828', 'N47652']",N61233,N27737,N56211,N33828,N47652
U82611,"['N47652', 'N50055', 'N2235', 'N22975', 'N46917']",N47652,N50055,N2235,N22975,N46917
U70333,"['N23877', 'N38779', 'N55488', 'N50872', 'N40109']",N23877,N38779,N55488,N50872,N40109
U26584,"['N19661', 'N38779', 'N34185', 'N3243', 'N1539']",N19661,N38779,N34185,N3243,N1539
U55875,"['N23446', 'N6477', 'N40109', 'N38779', 'N23877']",N23446,N6477,N40109,N38779,N23877
U25653,"['N41934', 'N1031', 'N61233', 'N61740', 'N27737']",N41934,N1031,N61233,N61740,N27737
U22844,"['N59267', 'N19661', 'N63060', 'N1228', 'N57032']",N59267,N19661,N63060,N1228,N57032
U50131,"['N56211', 'N27737', 'N41934', 'N61233', 'N52867']",N56211,N27737,N41934,N61233,N52867
U52602,"['N42515', 'N57032', 'N19661', 'N1228', 'N47652']",N42515,N57032,N19661,N1228,N47652
U25099,"['N23877', 'N38779', 'N23446', 'N50872', 'N40109']",N23877,N38779,N23446,N50872,N40109
U5136,"['N50872', 'N45523', 'N1539', 'N38779', 'N35815']",N50872,N45523,N1539,N38779,N35815
U20734,"['N27737', 'N56211', 'N61233', 'N14478', 'N41934']",N27737,N56211,N61233,N14478,N41934
U5606,"['N41934', 'N27737', 'N52867', 'N61740', 'N48487']",N41934,N27737,N52867,N61740,N48487
U14614,"['N57032', 'N1228', 'N19661', 'N27737', 'N59267']",N57032,N1228,N19661,N27737,N59267
U50806,"['N61787', 'N31679', 'N23805', 'N38779', 'N40109']",N61787,N31679,N23805,N38779,N40109
U82072,"['N23877', 'N23446', 'N38779', 'N6477', 'N29212']",N23877,N23446,N38779,N6477,N29212
U93601,"['N23877', 'N38779', 'N6578', 'N29212', 'N47098']",N23877,N38779,N6578,N29212,N47098
U67523,"['N46917', 'N47652', 'N2960', 'N29490', 'N41934']",N46917,N47652,N2960,N29490,N41934
U62590,"['N23877', 'N46821', 'N23446', 'N50872', 'N38779']",N23877,N46821,N23446,N50872,N38779
U8123,"['N51570', 'N29212', 'N47098', 'N41387', 'N38779']",N51570,N29212,N47098,N41387,N38779
U92726,"['N56211', 'N41934', 'N27737', 'N61233', 'N48487']",N56211,N41934,N27737,N61233,N48487
U21436,"['N56211', 'N41934', 'N27737', 'N61233', 'N1031']",N56211,N41934,N27737,N61233,N1031
U50530,"['N50872', 'N1539', 'N19661', 'N3243', 'N62318']",N50872,N1539,N19661,N3243,N62318
U67035,"['N23446', 'N38779', 'N6477', 'N6578', 'N29212']",N23446,N38779,N6477,N6578,N29212
U91151,"['N19661', 'N38779', 'N35815', 'N50872', 'N34185']",N19661,N38779,N35815,N50872,N34185
U93874,"['N48487', 'N56211', 'N27737', 'N41934', 'N52867']",N48487,N56211,N27737,N41934,N52867
U58718,"['N23877', 'N23446', 'N6477', 'N38779', 'N40109']",N23877,N23446,N6477,N38779,N40109
U58652,"['N51570', 'N23877', 'N40109', 'N38779', 'N23446']",N51570,N23877,N40109,N38779,N23446
U76739,"['N25165', 'N23446', 'N45523', 'N38779', 'N1539']",N25165,N23446,N45523,N38779,N1539
U7304,"['N1539', 'N23446', 'N25165', 'N45523', 'N38779']",N1539,N23446,N25165,N45523,N38779
U65786,"['N61233', 'N56211', 'N41934', 'N52867', 'N27737']",N61233,N56211,N41934,N52867,N27737
U29701,"['N10552', 'N48302', 'N999', 'N64721', 'N61296']",N10552,N48302,N999,N64721,N61296
U46505,"['N23446', 'N38779', 'N23877', 'N40109', 'N6477']",N23446,N38779,N23877,N40109,N6477
U80182,"['N19661', 'N56777', 'N46283', 'N35773', 'N57032']",N19661,N56777,N46283,N35773,N57032
U35791,"['N1539', 'N38779', 'N19661', 'N34185', 'N62318']",N1539,N38779,N19661,N34185,N62318
U15131,"['N12769', 'N26537', 'N29363', 'N58758', 'N55555']",N12769,N26537,N29363,N58758,N55555
U30036,"['N6477', 'N23877', 'N40109', 'N6578', 'N23446']",N6477,N23877,N40109,N6578,N23446
U47659,"['N27737', 'N56211', 'N61740', 'N61233', 'N41934']",N27737,N56211,N61740,N61233,N41934
U60040,"['N41934', 'N56211', 'N52867', 'N61233', 'N48487']",N41934,N56211,N52867,N61233,N48487
U15731,"['N56211', 'N27737', 'N61233', 'N14478', 'N41934']",N56211,N27737,N61233,N14478,N41934
U24438,"['N52867', 'N41934', 'N61740', 'N27737', 'N56211']",N52867,N41934,N61740,N27737,N56211
U10144,"['N14478', 'N56211', 'N46917', 'N61233', 'N52867']",N14478,N56211,N46917,N61233,N52867
U29971,"['N23446', 'N45523', 'N50872', 'N38779', 'N6578']",N23446,N45523,N50872,N38779,N6578
U49176,"['N62318', 'N34185', 'N19661', 'N50872', 'N23129']",N62318,N34185,N19661,N50872,N23129
U14905,"['N19661', 'N23446', 'N18529', 'N38779', 'N50872']",N19661,N23446,N18529,N38779,N50872
U76873,"['N56211', 'N61233', 'N61740', 'N48487', 'N52867']",N56211,N61233,N61740,N48487,N52867
U57862,"['N38779', 'N23877', 'N23446', 'N48017', 'N50872']",N38779,N23877,N23446,N48017,N50872
U24411,"['N45523', 'N38779', 'N1539', 'N45734', 'N25165']",N45523,N38779,N1539,N45734,N25165
U29945,"['N45523', 'N1031', 'N56211', 'N27737', 'N52867']",N45523,N1031,N56211,N27737,N52867
U9686,"['N1031', 'N46917', 'N56211', 'N45523', 'N14478']",N1031,N46917,N56211,N45523,N14478
U69128,"['N42515', 'N47652', 'N33828', 'N41934', 'N14478']",N42515,N47652,N33828,N41934,N14478
U1794,"['N64174', 'N48017', 'N45509', 'N3167', 'N56214']",N64174,N48017,N45509,N3167,N56214
U7543,"['N47280', 'N61233', 'N46917', 'N2235', 'N50055']",N47280,N61233,N46917,N2235,N50055
U50399,"['N59142', 'N38779', 'N31359', 'N60550', 'N35393']",N59142,N38779,N31359,N60550,N35393
U34860,"['N57032', 'N19661', 'N23089', 'N59267', 'N1228']",N57032,N19661,N23089,N59267,N1228
U5317,"['N51570', 'N38779', 'N23877', 'N49712', 'N36226']",N51570,N38779,N23877,N49712,N36226
U88056,"['N41934', 'N14478', 'N47652', 'N42515', 'N61233']",N41934,N14478,N47652,N42515,N61233
U27642,"['N47652', 'N56211', 'N27737', 'N33828', 'N52867']",N47652,N56211,N27737,N33828,N52867
U60665,"['N1228', 'N19661', 'N51253', 'N23089', 'N57032']",N1228,N19661,N51253,N23089,N57032
U70687,"['N56211', 'N27737', 'N19661', 'N41934', 'N1228']",N56211,N27737,N19661,N41934,N1228
U13365,"['N52867', 'N38779', 'N1539', 'N62318', 'N19661']",N52867,N38779,N1539,N62318,N19661
U33912,"['N47280', 'N46917', 'N22975', 'N25639', 'N61233']",N47280,N46917,N22975,N25639,N61233
U24504,"['N27737', 'N16118', 'N41934', 'N14478', 'N45523']",N27737,N16118,N41934,N14478,N45523
U86383,"['N25639', 'N27737', 'N14478', 'N41934', 'N21571']",N25639,N27737,N14478,N41934,N21571
U82135,"['N6477', 'N23446', 'N29212', 'N6578', 'N50872']",N6477,N23446,N29212,N6578,N50872
U84463,"['N41934', 'N19661', 'N42515', 'N14478', 'N61233']",N41934,N19661,N42515,N14478,N61233
U55722,"['N5154', 'N25165', 'N29212', 'N38779', 'N1539']",N5154,N25165,N29212,N38779,N1539
U47786,"['N23446', 'N23877', 'N38779', 'N51570', 'N48017']",N23446,N23877,N38779,N51570,N48017
U82104,"['N19661', 'N1228', 'N33828', 'N61233', 'N51253']",N19661,N1228,N33828,N61233,N51253
U50472,"['N45523', 'N47098', 'N6477', 'N23446', 'N29212']",N45523,N47098,N6477,N23446,N29212
U34392,"['N41934', 'N45523', 'N56211', 'N52867', 'N27737']",N41934,N45523,N56211,N52867,N27737
U27923,"['N46917', 'N27737', 'N47280', 'N22975', 'N61233']",N46917,N27737,N47280,N22975,N61233
U66922,"['N48407', 'N34668', 'N35773', 'N36689', 'N19661']",N48407,N34668,N35773,N36689,N19661
U25352,"['N27737', 'N56211', 'N61233', 'N41934', 'N52867']",N27737,N56211,N61233,N41934,N52867
U36592,"['N61233', 'N41934', 'N61740', 'N56211', 'N48487']",N61233,N41934,N61740,N56211,N48487
U38465,"['N61740', 'N56211', 'N41934', 'N27737', 'N48487']",N61740,N56211,N41934,N27737,N48487
U88450,"['N35815', 'N45523', 'N50872', 'N23446', 'N40109']",N35815,N45523,N50872,N23446,N40109
U81311,"['N56211', 'N52867', 'N27737', 'N45523', 'N48487']",N56211,N52867,N27737,N45523,N48487
U93691,"['N23446', 'N50872', 'N23877', 'N38779', 'N47098']",N23446,N50872,N23877,N38779,N47098
U79048,"['N45523', 'N23446', 'N50872', 'N45734', 'N6477']",N45523,N23446,N50872,N45734,N6477
U3896,"['N56211', 'N41934', 'N27737', 'N1031', 'N61740']",N56211,N41934,N27737,N1031,N61740
U92868,"['N42515', 'N19661', 'N41934', 'N61233', 'N47652']",N42515,N19661,N41934,N61233,N47652
U27485,"['N50872', 'N41387', 'N23446', 'N29212', 'N44698']",N50872,N41387,N23446,N29212,N44698
U17963,"['N45523', 'N29212', 'N38779', 'N6477', 'N1539']",N45523,N29212,N38779,N6477,N1539
U48794,"['N18978', 'N56777', 'N26811', 'N57032', 'N35773']",N18978,N56777,N26811,N57032,N35773
U34281,"['N32567', 'N48613', 'N61296', 'N60539', 'N23805']",N32567,N48613,N61296,N60539,N23805
U122,"['N52867', 'N41934', 'N48487', 'N27737', 'N56211']",N52867,N41934,N48487,N27737,N56211
U49652,"['N6477', 'N38779', 'N40109', 'N23446', 'N29212']",N6477,N38779,N40109,N23446,N29212
U71288,"['N50055', 'N47652', 'N41934', 'N27737', 'N2235']",N50055,N47652,N41934,N27737,N2235
U67288,"['N46917', 'N47280', 'N22975', 'N60750', 'N61233']",N46917,N47280,N22975,N60750,N61233
U81951,"['N25165', 'N45523', 'N38779', 'N29212', 'N50872']",N25165,N45523,N38779,N29212,N50872
U61362,"['N47652', 'N1228', 'N42515', 'N27737', 'N56211']",N47652,N1228,N42515,N27737,N56211
U69459,"['N1539', 'N23877', 'N38779', 'N23446', 'N6477']",N1539,N23877,N38779,N23446,N6477
U80655,"['N50872', 'N45523', 'N35815', 'N45734', 'N38779']",N50872,N45523,N35815,N45734,N38779
U90608,"['N1539', 'N38779', 'N23446', 'N34092', 'N50872']",N1539,N38779,N23446,N34092,N50872
U24426,"['N56211', 'N41934', 'N61233', 'N52867', 'N48487']",N56211,N41934,N61233,N52867,N48487
U59546,"['N64174', 'N10363', 'N36003', 'N62894', 'N23814']",N64174,N10363,N36003,N62894,N23814
U76506,"['N38779', 'N25165', 'N6578', 'N45523', 'N50872']",N38779,N25165,N6578,N45523,N50872
U5454,"['N56211', 'N41934', 'N52867', 'N48487', 'N61233']",N56211,N41934,N52867,N48487,N61233
U62718,"['N23446', 'N23877', 'N51570', 'N47098', 'N50872']",N23446,N23877,N51570,N47098,N50872
U48287,"['N56211', 'N27737', 'N52867', 'N48487', 'N61233']",N56211,N27737,N52867,N48487,N61233
U20316,"['N1228', 'N19661', 'N7494', 'N33828', 'N61233']",N1228,N19661,N7494,N33828,N61233
U73809,"['N27737', 'N56211', 'N41934', 'N52867', 'N48487']",N27737,N56211,N41934,N52867,N48487
U8473,"['N23446', 'N45523', 'N1539', 'N6578', 'N23877']",N23446,N45523,N1539,N6578,N23877
U77839,"['N43487', 'N16777', 'N58345', 'N21483', 'N64174']",N43487,N16777,N58345,N21483,N64174
U71549,"['N34600', 'N51133', 'N6388', 'N12446', 'N46736']",N34600,N51133,N6388,N12446,N46736
U20195,"['N38779', 'N25165', 'N23446', 'N45523', 'N50872']",N38779,N25165,N23446,N45523,N50872
U54460,"['N47652', 'N46917', 'N50055', 'N64037', 'N2235']",N47652,N46917,N50055,N64037,N2235
U47206,"['N64174', 'N48017', 'N23877', 'N40559', 'N8015']",N64174,N48017,N23877,N40559,N8015
U61072,"['N25639', 'N26336', 'N60658', 'N48487', 'N32015']",N25639,N26336,N60658,N48487,N32015
U58521,"['N56211', 'N27737', 'N52867', 'N41934', 'N61233']",N56211,N27737,N52867,N41934,N61233
U12352,"['N48017', 'N23446', 'N51570', 'N40109', 'N23877']",N48017,N23446,N51570,N40109,N23877
U58905,"['N27737', 'N41934', 'N52867', 'N56211', 'N48487']",N27737,N41934,N52867,N56211,N48487
U87084,"['N51570', 'N6578', 'N35815', 'N41387', 'N29212']",N51570,N6578,N35815,N41387,N29212
U57144,"['N50872', 'N1539', 'N35815', 'N38779', 'N62318']",N50872,N1539,N35815,N38779,N62318
U57410,"['N19661', 'N42515', 'N56211', 'N27737', 'N47652']",N19661,N42515,N56211,N27737,N47652
U37861,"['N61233', 'N45523', 'N41934', 'N27737', 'N56211']",N61233,N45523,N41934,N27737,N56211
U39498,"['N48487', 'N27737', 'N41934', 'N52867', 'N1031']",N48487,N27737,N41934,N52867,N1031
U66439,"['N45523', 'N1031', 'N29735', 'N56211', 'N16118']",N45523,N1031,N29735,N56211,N16118
U15538,"['N63913', 'N18978', 'N6471', 'N35773', 'N46283']",N63913,N18978,N6471,N35773,N46283
U84471,"['N5695', 'N19661', 'N38779', 'N1539', 'N50872']",N5695,N19661,N38779,N1539,N50872
U39151,"['N12769', 'N54671', 'N8114', 'N41717', 'N26537']",N12769,N54671,N8114,N41717,N26537
U24750,"['N51489', 'N12446', 'N34600', 'N40109', 'N51133']",N51489,N12446,N34600,N40109,N51133
